front,back,left,right,top,roll,pitch,yaw
65.89,292.1,136.58,114.68,237.455,-0.00635,0.0058,-1.6517
62.37333333,269.7966667,120.1266667,105.98,210.8,-0.0066,0.005333333,-1.651233333
63.8,317.9133333,86.11333333,110.3466667,189.7933333,-0.0068,0.005533333,-1.6506
60.38,229.09,96.38,116.6333333,145.2533333,-0.006966667,0.005366667,-1.649733333
62.49333333,239.9533333,92.99333333,139.4866667,136.8933333,-0.007066667,0.0057,-1.6487
59.52333333,223.4033333,84.38,157.5233333,136.33,-0.0074,0.005666667,-1.647466667
59.47,274.32,86,126.1233333,176.15,-0.007433333,0.005433333,-1.6455
59.71,287.7566667,86.06333333,96.59333333,192.4266667,-0.006966667,0.005433333,-1.644066667
57.83,268.7266667,97.97333333,70.34,190.01,0.000433333,0.008666667,-1.641666667
59.29,209.88,90.91,86.82666667,182.0233333,0.001866667,0.007566667,-1.641633333
60.97666667,142.2,97.2,112.4733333,196.7933333,0.008566667,0.0039,-1.636666667
59.32666667,161.2233333,77.77333333,125.9,225.7,0.0041,-0.001866667,-1.646033333
57.62,245.23,91.22666667,119.4066667,209.3533333,0.005166667,-0.0026,-1.654
55.99,247.5566667,106.8033333,105.1833333,216.9833333,0.0007,-0.0011,-1.667
59.63333333,179.5333333,183.1233333,105.88,197.12,0.000666667,-0.001133333,-1.667
64.20666667,128.7433333,188.3966667,132.4033333,223.4433333,0.000633333,-0.001166667,-1.667033333
61.19,158.14,268.5866667,127.62,225.36,0.000566667,-0.001233333,-1.667133333
63.49,193.62,210.0366667,134.0466667,227.8433333,0.0006,-0.001333333,-1.667366667
61.20666667,173.7766667,260.5266667,137.8333333,233.35,0.0004,-0.001266667,-1.667266667
59.50333333,199.0233333,165.15,162.0533333,240.2933333,0.0003,-0.001233333,-1.666666667
56.22333333,232.14,225.2166667,133.78,245.2966667,0.000133333,-0.001266667,-1.6659
53.86,243.6233333,158.8333333,115.7933333,217.2833333,-0.002766667,-6.67E-05,-1.643566667
56.07333333,202.13,161.9433333,81.14666667,173.3033333,-0.006133333,0.001133333,-1.619266667
55.11,137.7566667,197.2533333,99.36666667,152.8466667,-0.0096,0.003166667,-1.595
55.2,131.1266667,201.39,79.65333333,171.7966667,-0.009866667,0.003533333,-1.590766667
58.19666667,131.7,211.7133333,89.66333333,177.6033333,-0.009933333,0.003533333,-1.5886
58.23666667,207.5566667,99.44,88.15333333,213.46,-0.0099,0.0025,-1.5864
57.3,183.59,100.01,94.34,206.07,-0.010133333,0.0023,-1.5859
54.30666667,217.74,98.54333333,83.95666667,203.9066667,-0.0102,0.0024,-1.585733333
56.09,124.8933333,99.2,72.56666667,166.0333333,-0.009166667,0.0057,-1.573966667
55.86333333,195.4133333,98.89333333,67.71,131.31,0.0045,0.013666667,-1.5593
53.71,221.8033333,106.94,67.01666667,118.86,0.007933333,0.0177,-1.5497
51.89,301.7233333,105.8566667,64.85333333,126.7833333,0.023533333,0.018633333,-1.560233333
53.61333333,272.9666667,171.9666667,64.79333333,120.6966667,0.009466667,0.009933333,-1.570266667
56.70333333,200.1,200.2133333,94.93,124.3766667,0.015066667,0.0076,-1.564533333
57.91,212.93,231.6733333,114.8933333,105.8233333,-0.001066667,0.0147,-1.5546
57.49333333,183.1633333,220.6533333,125.0433333,94.63666667,0.001166667,0.015,-1.560933333
60.07333333,274.39,243.0566667,124.4166667,74.12333333,-0.0109,0.010533333,-1.579633333
60.36333333,246.0266667,287.0666667,119.3366667,66.70333333,-0.014333333,-0.0014,-1.591933333
60.69,265.39,295.2733333,112.03,66.70666667,-0.026666667,-0.0039,-1.589033333
57.83666667,261.7633333,264.3033333,97.54,75.38,-0.0124,0.0081,-1.582566667
61.62333333,301.3733333,284.3033333,98.92666667,81.22,0.001433333,0.012466667,-1.5738
61.02333333,374.3333333,237.0866667,110.14,89.90666667,0.021,0.0148,-1.5654
64.49,374.5066667,197.8066667,109.35,89.62666667,0.005733333,0.004033333,-1.5585
58.25333333,310.7333333,161.2466667,113.3133333,93.41,-0.013866667,0.000833333,-1.561466667
58.39,241.8733333,186.81,115.7533333,92.69,-0.028766667,0.0011,-1.5643
54.26666667,172.9566667,203.8433333,111.2766667,91.54333333,-0.0231,0.0003,-1.562666667
55.26666667,166.8766667,186.08,90.20333333,95.33666667,-0.001,0.002,-1.556666667
52.04666667,167.95,169.7633333,75.04666667,104.3266667,0.0177,0.004033333,-1.553966667
52.09,171.9933333,242.8333333,91.17,112.23,0.0148,0.008533333,-1.556433333
51.99,176.0233333,246.2533333,88.16666667,109.54,0.006533333,0.008133333,-1.558533333
55.72333333,181.7033333,215.7466667,83.75666667,99.78,-0.007833333,0.006833333,-1.562533333
59.14666667,187.18,163.5133333,113.5166667,90.88666667,0.0003,0.004766667,-1.5703
59.66,190.4266667,137.0133333,148.43,85.81333333,-0.003,0.0035,-1.5796
60.5,193.03,148.1533333,165.1966667,83.91333333,0.005366667,0.004033333,-1.587366667
61.49333333,183.4733333,108.4166667,122.5966667,81.76666667,0.002966667,0.009666667,-1.590966667
64.21333333,173.32,115.1833333,100.4233333,81.88666667,0.0061,0.013233333,-1.5923
65.43666667,161.0766667,107.8166667,90.64666667,79.47333333,0.0043,0.014333333,-1.592766667
60.97666667,161.01,112.3433333,101.47,78.48333333,0.002266667,0.0095,-1.592733333
57.73666667,160.4966667,108.9,124.47,80.65333333,-0.0001,0.009833333,-1.5923
56.14666667,158.6733333,114.0533333,163.9866667,88.76333333,-0.001866667,0.0132,-1.5905
57.45,157.7933333,102.05,157.8233333,102.1066667,-0.003666667,0.018066667,-1.591133333
55.20333333,158.6733333,92.35333333,172.88,108.24,-0.003533333,0.021066667,-1.593
55.16666667,151.4766667,82.45666667,156.7533333,128.3866667,-0.000566667,0.023233333,-1.592066667
54.1,152.88,155.0266667,167.2466667,167.3066667,0.013,0.021366667,-1.592733333
56.35333333,147.6966667,207.38,117.9233333,183.68,0.019433333,0.015733333,-1.586533333
55.49666667,129.24,262.0533333,118.45,210.71,0.017666667,0.0078,-1.584066667
52.86666667,175.4866667,195.0233333,127.5633333,216.8433333,0.0075,0.001366667,-1.5834
50.72333333,192.1166667,205.9566667,131.1733333,215.0733333,0.005433333,-0.002833333,-1.590633333
53.81333333,197.2033333,218.4133333,125.1933333,169.1066667,0.0083,-0.003,-1.587533333
57.46666667,208.3766667,208.95,90.71666667,115.2466667,0.0033,0.0008,-1.589433333
59.71,178.2533333,139.59,102.4766667,108.5066667,0.000533333,0.006033333,-1.5914
54.4,191.3866667,107.8233333,76.69666667,125.8966667,-0.007533333,0.014333333,-1.5986
53.28333333,161.05,142.0633333,96.11,178.3233333,-0.009933333,0.0173,-1.588666667
54.40333333,192.2633333,189.9,90.95666667,195.3966667,-0.005933333,0.0201,-1.5664
61.37333333,182.5766667,182.37,127.7366667,200.74,0.004233333,0.010133333,-1.5573
61.79333333,164.5766667,240.1633333,106.0533333,164.0133333,0.0095,0.005233333,-1.5492
60.67666667,196.9466667,194.2433333,97.14666667,151.3033333,-0.002833333,0.000933333,-1.559833333
55.96333333,232.4566667,178.17,90.23333333,137.6566667,-0.0148,0.002666667,-1.564366667
57,229.3566667,167.2733333,95.07666667,131.0233333,-0.017,-0.001033333,-1.576666667
57.22666667,214.1633333,163.53,95.18,131.4066667,0.000533333,-0.003233333,-1.5561
58.78,174.6966667,176.0833333,79.42666667,139.31,0.018366667,-0.0005,-1.5345
57.65,211.44,165.2366667,74.58,133.3066667,0.028066667,0.003866667,-1.5066
60.8,235.18,254.3933333,95.02,110.8966667,0.015666667,0.006733333,-1.523366667
59.76666667,254.9266667,231.1133333,81.33666667,104.1333333,0.003733333,0.0052,-1.5367
59.9,196.11,262.89,86.73,121.9333333,-0.004166667,0.004666667,-1.5528
57.92333333,177.9233333,245.4266667,64.81666667,184.2766667,-0.0053,0.001733333,-1.554
57.22333333,223.8466667,253.5733333,76.66333333,185.2866667,-0.001433333,0.000666667,-1.551166667
56.67,224.8666667,181.7533333,96.96333333,190.0966667,0.002466667,0.001533333,-1.553333333
58.59,156.3366667,133.7833333,125.9133333,182.8166667,-0.001,0.000666667,-1.5574
58.54,84.38666667,184.1166667,133.81,189.2033333,-0.014966667,0.0022,-1.5731
58.72,67.73333333,185.1133333,137.17,184.64,-0.020466667,0.0006,-1.5866
56.28666667,74.82333333,182.4466667,110.0533333,186.73,-0.006866667,0.004166667,-1.6235
56.71333333,86.23333333,115.95,91.73666667,193.08,0.006566667,0.005166667,-1.692066667
59.47,103.1333333,124.8666667,77.21666667,194.5166667,0.0087,0.009066667,-1.796066667
60.68,143.9166667,181.9833333,87.16666667,162.0866667,0.005033333,0.010566667,-1.914166667
60.72666667,215.6366667,213.6066667,85.59333333,147.8333333,0.004433333,0.0188,-2.0475
57.84,197.2466667,245.1433333,71.2,148.88,0.0075,0.026633333,-2.162233333
58.21666667,148.02,190.2666667,102.5133333,157.0433333,0.0021,0.030133333,-2.246333333
56.62333333,66.95,210.5466667,147.4266667,166.27,-0.002,0.0227,-2.289366667
58.76333333,105.2466667,169.0133333,153.7866667,168.5933333,-0.0088,0.013266667,-2.3262
56.18666667,105.7633333,156.59,146.9,163.2233333,-0.016033333,0.006266667,-2.3637
57.31,98.49666667,104.5366667,103.3166667,191.0833333,-0.029433333,0.003666667,-2.408633333
55.59,57.62,108.3066667,103.7266667,197.7833333,-0.029633333,-0.0003,-2.481433333
55.73666667,58.26333333,115.68,87.5,227.1766667,-0.024433333,-0.005466667,-2.546833333
55.73333333,58.94,182.46,99.51,186.2066667,-0.003866667,-0.007966667,-2.605033333
55.26333333,85.88666667,149.0466667,125.71,165.5,0.015266667,-0.004866667,-2.629366667
55.49333333,116.4166667,126.53,119.3766667,118.4666667,0.0244,0.001366667,-2.6523
55.49666667,154.46,87.05333333,146.42,119.2533333,0.021666667,0.002233333,-2.673533333
59.05333333,179.7766667,102.7066667,138.82,128.5766667,0.010333333,3.33E-05,-2.709133333
58.13,176.3433333,153.5733333,122.2,136.5866667,0.007766667,-0.0007,-2.742566667
55.92666667,147.15,189.7866667,96.69333333,135.4366667,0.015966667,0.0024,-2.7678
53.21,107.2133333,193.6766667,71.23,116.7966667,-0.000766667,0.003833333,-2.803866667
54.46666667,147.1033333,198.5833333,84.48,102.3633333,-0.015433333,0.003133333,-2.836933333
55.26333333,145.34,182.8666667,71.07666667,136.9766667,-0.0138,0.009833333,-2.870066667
55.92333333,135.4533333,177.2133333,78.29333333,183.57,0.0022,0.018133333,-2.8746
55.78,73.98666667,148.71,71.54,205.0333333,0.0128,0.025633333,-2.887033333
57.80333333,93.06,122.35,96.74,184.0833333,-0.0065,0.015233333,-2.900133333
56.95333333,90.71666667,132.1033333,106.53,156.7666667,-0.010266667,0.001933333,-2.913566667
61.61,88.27333333,113.6866667,100.8333333,155.6733333,-0.007333333,-0.008333333,-2.9161
61.03666667,61.34,146.9933333,73.50333333,147.75,-0.000366667,-0.0025,-2.9126
61.32,74.62,181.34,61.04666667,143.1966667,0.0013,0.011233333,-2.9044
53.83,87.72333333,206.7733333,90.08666667,128.6466667,0.0008,0.011733333,-2.9042
55.99,96.87,199.3366667,91.03,112.54,0.0015,0.0015,-2.908666667
55.47333333,87.89666667,160.6566667,91.57,109.9166667,0.000833333,-0.007433333,-2.9136
56.96,102.61,128.03,94.01666667,136.2933333,-0.002233333,-0.006233333,-2.913733333
54.76333333,121.0333333,92.67,111.8533333,166.0333333,-0.005733333,-0.003033333,-2.913766667
54.3,170.2333333,117.17,113.5433333,166.96,-0.007766667,-0.004166667,-2.9161
52.87666667,196.24,135.7133333,86.35666667,133.9433333,-0.005666667,-0.003566667,-2.915966667
53.95,173.47,209.1433333,92.19,97.38333333,0.0004,-0.002166667,-2.9109
54.64666667,138.07,164.8133333,100.2766667,111.43,0.014033333,0.001566667,-2.907233333
56.9,102.8533333,150.4433333,105.6866667,171.3266667,0.0095,0.0024,-0.9509
56.80666667,102.9666667,124.0233333,95.76666667,202.5966667,0.005333333,0.0017,1.0029
54.12666667,132.4666667,149.33,83.16666667,202.6233333,-0.005366667,-0.000966667,2.949433333
54.59333333,115.76,177.27,108.5233333,171.8,-0.000566667,0.000133333,2.925666667
55.2,130.06,229.18,99.92666667,179.2633333,0.004333333,6.67E-05,2.869366667
61.85333333,180.0933333,315.3766667,102.0966667,205.7733333,0.0106,0.0062,2.767233333
61.48,244.4766667,386.2233333,80.56333333,207.19,-0.003533333,0.005033333,2.6705
59.93666667,303.7033333,359.7333333,98.27,211.0566667,-0.009966667,0.004733333,2.604233333
57.22666667,262.6633333,310.9266667,98.04666667,187.9866667,-0.0205,-0.006,2.551966667
59.86,289.8833333,314.5,92.03666667,180.7933333,-0.005233333,-0.008433333,2.5071
58.85666667,230.2533333,246.0466667,88.94666667,166.5366667,0.008333333,-0.0068,2.46
57.97333333,189.12,263.4133333,92.77666667,186.14,0.014933333,0.007166667,2.423966667
55.20333333,107.1066667,173.77,145.0966667,184.9033333,0.0115,0.014566667,2.375466667
57.84333333,169.3966667,201.91,127.5433333,174.77,-0.005366667,0.024266667,2.2746
60.65333333,232.74,134.2766667,143.2733333,163.34,-0.0108,0.0266,2.2193
60.64666667,235.2433333,128.65,109.2633333,193.3366667,-0.007233333,0.023833333,2.175933333
58.46,183.8733333,99.16,142.3233333,234.94,-0.002833333,0.014766667,2.180666667
52.70333333,112.8,103.56,152.2466667,216.01,0.001033333,0.012533333,2.168233333
54.3,126.7733333,121.19,155.8333333,193.04,0.004966667,0.013933333,2.168666667
53.05333333,144.3533333,118.61,134.4566667,167.6433333,0.0094,0.0143,2.175433333
52.71333333,149.3533333,125.5533333,133.0066667,170.6733333,0.0082,0.013566667,2.176966667
51.12,126.92,115.9966667,137.7466667,158.4033333,0.0007,0.010633333,2.168966667
54.35666667,191.4933333,125.2033333,138.7,143.1233333,-0.0039,0.0083,2.163933333
58.91333333,200.22,141.22,109.8533333,131.1433333,-0.005,-0.002266667,2.169733333
60.50666667,190.8566667,160.6033333,95.89,129.9633333,6.67E-05,-0.004966667,2.180166667
64.44,95.78666667,169.3466667,114.2366667,132.6933333,0.0031,-0.003566667,2.1906
63.77,96.83666667,145.0966667,111.83,162.3066667,0.0026,0.002,2.194333333
63.53333333,199.3933333,168.36,94.23666667,165.07,-0.007366667,0.006033333,2.184666667
59.23666667,225.3033333,138.32,60.04666667,166.7733333,-0.013266667,0.0081,2.172733333
59.09666667,203.07,161.1633333,65.68666667,147.0666667,-0.012066667,0.006333333,2.166766667
58.86,125.7033333,136.4033333,80.73,163.3466667,-0.0046,0.008233333,2.172266667
58.39333333,138.0766667,147.24,95.53,163.62,-0.002333333,0.012833333,2.1745
57.55,185.7133333,114.4866667,103.6766667,154.69,-0.008966667,0.020733333,2.170666667
58.63,270.1,92.14333333,101.1,135.92,-0.0175,0.019733333,2.1656
58.11333333,214.95,78.31666667,91.32666667,142.39,-0.015366667,0.0183,2.1782
57.41666667,211.25,120.5033333,82.79,158.6166667,-0.0086,0.0091,2.197233333
55.3,108.4266667,110.6866667,85.5,167.27,0.0048,0.005166667,2.2214
53.69333333,136.5533333,224.7566667,109.49,186.1766667,0.006533333,0.0012,2.23
54.63,150.2833333,181.4,103.7666667,169.04,0.0092,0.002166667,2.2336
55.39333333,175.22,174.4466667,91.2,158.81,0.002866667,0.002933333,2.230166667
56.90333333,180.4966667,137.94,83.34666667,168.3266667,0.003966667,0.0016,2.226966667
58.02,156.2,159.9233333,85.85333333,183.7633333,0.006766667,0.0107,2.226333333
57.97333333,123.9033333,212.1233333,96.7,195.63,0.013033333,0.015833333,2.2282
61.91333333,124.8166667,164.77,76.43333333,164.61,0.0139,0.018266667,2.233633333
61.25333333,91.06666667,186.1533333,102.11,149.55,0.0125,0.006866667,2.2334
58.41666667,122.7033333,171.1533333,92.34,134.61,0.016,0.003066667,2.210766667
59.09666667,98.48,176.8966667,103.5066667,124.5933333,0.011666667,0.007033333,2.151833333
55.50333333,98.48,183.9033333,84.07666667,134.6866667,-0.000133333,0.013266667,2.038166667
58.43666667,68.29333333,208.2266667,91.20666667,155.7066667,-0.010633333,0.0195,1.942333333
54.94,59.05,271.0266667,84.99,176.1566667,-0.023733333,0.017066667,1.869066667
57.27,68.01666667,276.5933333,103.15,206.8333333,-0.016133333,0.014666667,1.848066667
57.73,66.57,292.18,113.8433333,199.7966667,-0.012533333,0.007866667,1.825366667
56.65,87.57333333,276.6433333,133.59,184.74,0.003433333,0.005033333,1.8156
56.55333333,141.2633333,215.49,162.23,141.0033333,0.007933333,0.001,1.8184
55.24666667,169.48,137.63,151.7366667,138.9166667,0.0108,-0.001433333,1.8028
53.12333333,171.0866667,77.28,141.06,144.8066667,0.008333333,-0.0027,1.7671
55.42333333,199.53,84.50333333,120.43,154.2533333,0.006733333,-0.0034,1.713633333
56.45,173.4666667,86.67,111.7766667,146.6966667,0.0071,-0.003466667,1.677166667
58.67,177.6366667,100.1466667,112.74,139.5766667,0.0122,-0.002666667,1.656033333
56.33333333,91.38333333,152.49,77.95666667,140.34,0.012633333,-0.000866667,1.6444
56.99333333,117.4166667,204.5666667,94.49333333,151.3166667,-0.005266667,0.0033,1.634866667
60.32666667,102.42,187.23,108.9333333,164.0666667,-0.0156,0.005366667,1.6221
60.79333333,119.3466667,156.8333333,125.6133333,182.0033333,-0.017666667,0.0054,1.606466667
58.73,92.33666667,118.11,111.6333333,188.2466667,-0.0115,0.001766667,1.586766667
56.28666667,77.61,134.46,102.27,200.2633333,-0.012933333,-0.002833333,1.555666667
54.87333333,80.66333333,107.3966667,123.46,200.42,-0.013333333,0.000166667,1.498
57.06666667,108.7366667,151.27,115.37,203.7433333,-0.0122,0.004033333,1.4383
58.70666667,118.48,153.34,112.8633333,198.0133333,-0.000333333,0.012633333,1.389166667
60.11666667,96.00333333,196.79,107.3033333,219.7033333,0.006366667,0.011566667,1.372133333
59.74333333,77.38333333,166.6866667,120.0533333,221.29,3.33E-05,0.0161,1.364066667
57.07666667,101.58,217.85,127.3866667,208.27,-0.003766667,0.0199,1.364433333
58.01,122.47,211.4066667,100.5933333,168.7033333,-0.009466667,0.0175,1.362266667
58.43666667,138.6166667,211.85,105.0966667,151.9433333,0.005066667,0.010033333,1.3506
59.18333333,124.5833333,177.7,82.80666667,146.9733333,0.001233333,-0.0013,1.323666667
58.25333333,109.9166667,229.9466667,102.7766667,130.1733333,-0.001,0.000933333,1.264366667
57.41333333,86.1,235.5,105.48,110.54,-0.0039,0.002533333,1.205733333
58.49333333,79.00333333,220.37,117.6566667,91.93333333,-0.002566667,0.004666667,1.146133333
58.72333333,73.66,183.1,100.6066667,84.06,-0.001466667,0.0035,1.1015
61.15333333,147.5033333,148.47,84.71,76.58,-0.004166667,0.006266667,1.0196
59.41666667,146.6733333,112.5766667,82.00666667,71.30333333,-0.0095,0.010033333,0.9312
59.93,159.8,71.55666667,101.2866667,91.01666667,-0.012266667,0.013433333,0.829033333
56.51666667,155.0366667,75.79,96.99333333,151.0666667,-0.010933333,0.0139,0.7616
56.69666667,153.9066667,90.35666667,103.2133333,188.4866667,-0.010233333,0.0117,0.700833333
55.58333333,218.56,109.4166667,108.5966667,194.1266667,-0.010866667,0.009266667,0.641566667
54.97,150.9833333,136.06,138.95,191.7433333,-0.009266667,0.007033333,0.579733333
56.43666667,164.8033333,127.3766667,149.02,217.9966667,-0.000633333,0.0048,0.518266667
58.46,150.61,105.6466667,121.0166667,227.7566667,0.006666667,0.002233333,0.4751
64.33666667,185.5566667,138.7466667,120.5033333,204.7766667,0.0113,-0.002633333,0.432766667
63.20666667,206.3566667,156.03,113.08,197.27,0.011666667,-0.006766667,0.389833333
61.55333333,184.6966667,166.1133333,107.2266667,185.63,0.012566667,-0.006466667,0.348233333
57.45333333,151.7466667,143.8966667,87.95333333,173.7066667,0.0123,-0.0033,0.3103
58.57666667,182.17,117.78,85.13,135.78,0.013033333,0.001733333,0.276466667
59.37666667,145.77,106.9166667,93.35666667,128.97,0.012966667,0.005766667,0.244033333
58.16333333,225.29,71.27333333,86.65666667,128.4066667,0.010866667,0.0106,0.207733333
57.08666667,164.9533333,98.95,113.8133333,139.5533333,0.007933333,0.0128,0.168833333
56.24333333,163.77,105.3866667,119.59,153.4566667,0.002066667,0.011233333,0.1313
61.11666667,96.04,117.79,152.6366667,191.94,-0.002266667,0.008666667,0.0994
60.96666667,93.47,93.53,115.6466667,194.95,-0.0051,0.007166667,0.074166667
60.97666667,122.3033333,115.2466667,101.75,189.7433333,-0.001433333,0.005,0.052933333
59.06,148.3133333,129.16,102.3333333,182.2966667,0.001966667,0.002133333,0.035033333
59.53666667,152.4933333,133.47,110.5666667,180.56,0.0068,0.000333333,0.0192
62.85,138.2366667,129.5433333,117.4033333,183.1733333,0.007033333,0.001033333,0.002833333
59.84333333,163,96.49666667,85.73333333,166.4733333,0.006766667,0.0007,-0.0176
59.09333333,199.3566667,151.5766667,72.87333333,175.0233333,0.004766667,6.67E-05,-0.044733333
56.60333333,203.3266667,178.29,102.9133333,208.1066667,0.001866667,0.0007,-0.075933333
61.01,140.1633333,201.4633333,107.42,214.67,-0.001433333,0.000733333,-0.104
60.82666667,103.38,155.4333333,104.5633333,217.1366667,-0.003833333,0.001266667,-0.119766667
60.41333333,99.75,108.3833333,75.14666667,222.37,0.0019,-0.001,-0.113333333
56.00666667,106.45,134.58,75.96,221.15,0.005166667,0.005866667,-0.104
56.84666667,139.3033333,131.83,116.3,214.51,0.0067,0.016066667,-0.0983
60.58,178.9866667,183.5533333,139.54,184.7766667,0.0022,0.029233333,-0.1034
60.63,272.4466667,178.7066667,133.56,181.6633333,0.004866667,0.029733333,-0.096466667
59.78333333,258.4233333,245.9966667,91.66666667,184.0133333,0.0072,0.021866667,-0.084933333
53.11666667,264.86,201.1933333,61.23666667,183.4133333,0.007366667,0.011566667,-0.0732
53.92333333,237.87,194.2733333,65.86666667,182.41,0.004933333,0.003966667,-0.0697
57.34333333,226.3766667,114.8233333,71.86666667,182.3866667,0.003566667,0.002966667,-0.069066667
59.32666667,268.0466667,113.4533333,93.52333333,176.1133333,0.002433333,0.003033333,-0.070266667
61.99333333,225.8633333,76.18666667,120.61,178.3166667,0.0023,0.005933333,-0.0788
58.9,244.3766667,81.93333333,148.6866667,179.03,-0.001166667,0.0049,-0.089866667
59.24333333,153.02,64.61666667,166.6066667,207.63,-0.003766667,0.004133333,-0.099533333
57.92,167.4066667,76.88666667,160.6266667,202.0033333,-0.0075,0.000566667,-0.1002
58.20333333,216.1733333,122.16,128.87,208.5433333,-0.009933333,-0.0009,-0.101
57.46333333,197.26,131.7466667,111.4266667,213.33,-0.009733333,0.005466667,-0.1064
58.73666667,151.5366667,165.16,89.95666667,212.94,-0.017033333,0.018366667,-0.1162
56.45666667,140.0266667,137.7633333,123.6133333,230.7766667,-0.0158,0.018966667,-0.124133333
60.00333333,235.91,132.1866667,112.7266667,228.1533333,-0.016266667,0.011166667,-0.129666667
57.7,231.0166667,137.26,114.29,229.68,-0.009933333,0.000733333,-0.135733333
64.60666667,202.1233333,158.8,110.3166667,201.8633333,-0.007133333,0.0028,-0.1424
64,193.77,153.8933333,100.73,179.3466667,-0.0056,-0.000833333,-0.142666667
65.41,211.1,147.6,89.83,183.28,0.001566667,-0.002666667,-0.132933333
60.17,218,114.5866667,68.69666667,213.9166667,0.0013,-0.0042,-0.1149
58.99333333,142.1166667,123.41,82.98333333,210.7833333,0.006833333,0.001133333,-0.092566667
57.82,150.5866667,90.40666667,101.37,238.8433333,0.004833333,0.005066667,-0.072066667
62.13666667,161.4666667,113.3433333,90.36333333,244.6766667,0.0075,0.004766667,-0.064566667
60.89,220.26,218.0533333,81.56333333,255.3233333,0.0063,0.002133333,-0.07
62.12666667,283.9666667,271.5,81.34,251.5066667,0.006533333,-0.001233333,-0.589266667
59.56333333,273.75,261.8733333,100.8433333,233.6233333,0.005966667,-0.0013,-1.101366667
62.98,234.2933333,150.4133333,149.0033333,238.5733333,0.004566667,-0.000166667,-1.6096
60.30333333,190.5766667,192.1366667,151.4066667,205.2533333,0.004466667,-0.000266667,-1.609233333
58.56333333,147.4966667,185.24,146.5566667,207.8866667,0.0044,-0.000333333,-1.6092
55.61333333,210.2133333,288.9433333,126.07,175.1033333,0.0043,-0.000366667,-1.609166667
61.02333333,228.0366667,212.4033333,106.36,199.5933333,0.004166667,-0.000466667,-1.6091
59.06333333,274.2366667,284.92,96.23,168.1666667,0.004066667,-0.0005,-1.6087
60.18666667,243.1866667,280.0233333,76.82666667,161.9533333,0.004,-0.000633333,-1.6081
58.43,233.7433333,324.2833333,93.58666667,121.9033333,0.003833333,-0.000566667,-1.607466667
60.53333333,226.87,259.2266667,127.8933333,116.0133333,0.003733333,-0.000666667,-1.607033333
61.93666667,247.82,167.66,132.97,112.7766667,0.003566667,-0.0007,-1.606533333
59.63333333,273.0833333,107.4666667,142.23,115.5966667,0.0035,-0.000866667,-1.605866667
59.39666667,284.01,129.4666667,108.3366667,118.7433333,0.003366667,-0.0011,-1.605333333
54.13333333,205.2966667,156.7433333,95.04666667,132.2,0.003266667,-0.001233333,-1.6049
51.98666667,141.92,227.4566667,70.3,166.3666667,0.003433333,-0.0014,-1.6042
49.78,159.4466667,248.4933333,102.72,165.05,0.0036,-0.001533333,-1.6031
52.42,226.6166667,218.9133333,110.35,157.7733333,0.0064,0.000766667,-1.600866667
53.67666667,276.3666667,149.9033333,119.36,115.3466667,0.0065,3.33E-05,-1.591233333
58.13333333,223.7833333,121.8666667,86.49,105.5433333,0.014833333,0.000833333,-1.579866667
57.14333333,247.74,120.31,92.05333333,94.50666667,0.019766667,-0.002566667,-1.5686
58.18666667,292.6233333,128.6066667,93.92666667,86.80666667,0.017066667,0.001233333,-1.575
54.8,369.7333333,100.9966667,96.33,79.95,0.012233333,0.002666667,-1.581966667
58.71,311.0666667,126.44,104.7233333,80.09666667,0.009533333,0.0087,-1.589766667
58.97333333,312.2633333,167.94,110.7033333,88.19,0.016833333,0.007166667,-1.586666667
58.58333333,302.3966667,223.9466667,113.8866667,93.64333333,0.018866667,0.005866667,-1.584
52.37,284.3366667,266.6533333,106.46,113.2666667,0.003733333,-0.0035,-1.4995
50.64333333,237.4533333,219.4866667,104.9633333,103.39,-0.005633333,-0.002733333,-1.4073
52.67666667,201.6566667,219.92,153.03,90.75,-0.007133333,0.000366667,-1.3072
55.91333333,238.35,161.9733333,184.5066667,75.55333333,0.0049,0.008033333,-1.289666667
56.33,256.2066667,253.6966667,180.5266667,89.83333333,0.0118,0.011333333,-1.278266667
58.63,251.6466667,193.15,127.9533333,112.8833333,0.0119,0.012166667,-1.271233333
57.86,199.89,194.62,113.59,122.52,0.016833333,0.006833333,-1.2639
58.61333333,201.49,88.82666667,113.0566667,162.9166667,0.008033333,0.009,-1.2673
55.80333333,177.58,97.80666667,112.4266667,169.7733333,0.002633333,0.014666667,-1.274933333
56.85,204.9233333,116.6533333,85.99333333,159.8266667,-0.008033333,0.017933333,-1.321266667
58.58333333,145.5133333,132.13,128.0633333,121.39,0.0003,0.013233333,-1.368133333
59.56666667,131.89,137.8133333,147.61,116.84,-0.0034,0.010633333,-1.412833333
59.57333333,123.84,131.0833333,146.9133333,132.3733333,1.00E-04,0.0144,-1.422333333
57.18666667,135.6533333,112.1266667,110.4266667,119.61,0.0009,0.013833333,-1.499166667
58.27,148.1666667,138.62,120.5266667,89.70333333,0.0101,0.004633333,-1.588966667
57.75333333,151.9,132.6333333,118.93,54.66666667,0.014333333,0.0002,-1.675466667
57.98333333,119.6766667,219.09,113.3666667,42.1,0.013533333,-0.001633333,-1.690733333
57.64333333,119.1166667,182.06,115.5266667,65.65333333,0.0062,0.000766667,-1.771366667
55.4,192.5466667,176.0066667,157.7766667,113.5166667,0.0002,0.000933333,-1.918266667
54.92333333,238.2266667,136.4333333,205.97,157.1066667,-0.005866667,0.002466667,-2.0714
53.19,249.7,144.4566667,188.11,177.43,0.0005,-0.003366667,-2.160133333
55.32333333,204.14,200.0366667,141.07,182.6833333,0.0135,0.0031,-2.361533333
58.12666667,155.4533333,199.98,99.74333333,163.5133333,0.0167,-0.0021,-2.558166667
57.11,127.1466667,187.96,131.1966667,198.6966667,0.007833333,0.002166667,-2.7367
59.12666667,145.6566667,161.79,149.7033333,189.0966667,0.006166667,0.002466667,-2.743333333
56.46,160.4133333,138.5966667,163.23,212.32,0.007866667,0.006733333,-2.743066667
55.26333333,171.4166667,169.6666667,117.55,174.89,0.020566667,0.018966667,-2.753
53.30333333,117.6466667,180.5533333,111.0666667,172.4633333,0.019266667,0.007233333,-2.755466667
57.66666667,117.6366667,196.6,104.9633333,166.54,0.022166667,0.002133333,-2.752866667
61.50666667,114.77,163.2233333,126.2833333,167.12,0.0095,-0.008,-2.746166667
62.4,159.9733333,120.1666667,120.85,170.73,0.000766667,-0.000866667,-2.732266667
57.71333333,207.2733333,141.7633333,114.8166667,168.36,-0.001066667,0.005466667,-2.7163
56.13333333,242.2866667,212.7233333,97.48666667,168.05,0.0079,0.003433333,-2.6961
55.56666667,188.5966667,200.1466667,111.6733333,153.0266667,0.013833333,0.006766667,-2.698533333
57.34333333,169.0966667,150.4433333,92.29333333,189.0766667,0.0126,0.001666667,-2.709866667
58.60333333,201.3266667,139.9533333,105.2,217.6666667,0.012766667,0.0017,-2.7242
58.55666667,270.01,168.3366667,127.18,217.7133333,0.007733333,-0.0027,-2.7248
57.62333333,243.8033333,187.3766667,130.25,169.09,0.012333333,0.003033333,-2.722866667
56.36,227.8633333,139.6066667,124.7766667,122.31,0.015566667,0.0074,-2.720866667
60.2,213.0433333,189.1666667,130.7366667,135.6433333,0.010133333,0.0053,-2.712266667
58.08666667,252.9733333,162.2366667,168.5533333,138.8266667,-0.0002,0.002766667,-2.705466667
58.79666667,209.4833333,161.4533333,203.56,184.6666667,-0.012233333,-0.003633333,-2.701933333
55.98666667,207.51,86.18333333,168.48,155.4966667,0.0077,0.002566667,-2.706966667
59.6,207.6033333,95.30666667,135.9533333,197.22,0.0235,0.010833333,-2.713766667
59.31333333,189.16,148.1233333,104.7966667,156.0566667,0.0269,0.014433333,-2.707733333
57.11666667,130.5966667,143.52,139.0266667,173.4933333,-0.001866667,0.019766667,-2.700533333
54.96,175.2633333,195.6,133.2766667,154.5633333,-0.017733333,0.0114,-2.693866667
55.14,215.2366667,155.33,123.3266667,149.4233333,-0.017533333,0.010233333,-2.698033333
57.06333333,236.8466667,221.5566667,105.4166667,144.03,-0.002966667,-0.000766667,-2.7015
57.19666667,236.3766667,229.0233333,159.2233333,114.8466667,0.011466667,0.002866667,-2.742266667
56.68666667,219.1733333,217.56,149.7533333,119.96,0.007633333,0.008,-2.837366667
55.71,198.01,152.52,151.2266667,159.1066667,0.0171,0.014366667,-1.1069
55.29666667,196.34,182.2066667,120.4866667,206.6966667,0.011633333,0.013066667,0.613333333
60.70333333,175.4633333,231.62,155.3533333,238.2833333,0.0143,0.007966667,1.096766667
65.12333333,283.5933333,305.2366667,147.6066667,213.0266667,0.0017,0.001233333,-0.2439
63.55,252.5733333,280.2633333,139.7233333,209.4033333,-0.0048,-0.001766667,-1.534466667
59.66666667,268.4033333,255.0266667,123.1666667,223.63,-0.005033333,-0.0021,-1.534233333
55.21333333,203.5933333,283.58,115.0033333,218.88,-0.005166667,-0.0022,-1.5337
57.65,168.4366667,269.28,124.3433333,181.9,-0.0054,-0.002466667,-1.533066667
59.05333333,160.0066667,262.0566667,113.4566667,133.1866667,-0.005533333,-0.0024,-1.5329
59.75333333,137.11,249.8366667,94.04,116.0233333,-0.005833333,-0.002166667,-1.5325
59.10666667,158.1633333,288.59,65.14,105.9766667,-0.005866667,-0.002133333,-1.532133333
58.51,170.63,295.4266667,66.37333333,104.5566667,-0.006033333,-0.002033333,-1.531433333
57.45,186.0833333,241.4366667,70.48333333,130.7533333,-0.005733333,-0.0012,-1.529633333
57.78333333,151.0033333,152.3433333,86.43,133.5833333,0.004433333,0.0059,-1.527766667
55.39666667,203.9633333,145.88,85.86666667,129.1766667,0.007033333,0.007233333,-1.519433333
57.55666667,162.9733333,129.8933333,82.57333333,120.6466667,0.023666667,0.011466667,-1.514366667
57.09,166.0033333,140.77,78.08666667,124.3133333,0.026033333,0.010966667,-1.508233333
62.21,92.69666667,211.3566667,74.79,134.35,0.039633333,0.0075,-1.5087
62.29333333,116.88,229.3266667,78.00666667,125.34,0.029133333,0.004066667,-1.5041
62.25666667,124.32,227.3533333,119.9266667,129.49,0.025333333,-0.001133333,-1.496966667
57.05333333,131.9233333,133.4233333,149.7933333,131.7866667,0.014066667,0.0049,-1.4908
54.93666667,182.2966667,121.48,162.0333333,134.23,0.0098,0.006666667,-1.49
56.48333333,177.7133333,111.16,117.86,130.8766667,0.008633333,0.0066,-1.494933333
56.75666667,177.36,129.3733333,104.5833333,128.4366667,0.009666667,0.004333333,-1.498766667
58.73666667,148.53,135.0333333,144.1933333,129.8833333,0.01,0.0036,-1.500633333
57.61333333,142.2166667,192.5066667,156.66,162.8433333,0.0025,-0.0012,-1.500266667
59.95333333,169.2466667,208.79,138.2433333,168.64,-0.007433333,-0.0072,-1.499333333
58.13666667,202.4233333,203.7066667,85.95,169.5666667,-0.0064,-0.008766667,-1.498566667
56.19666667,192.35,154.2166667,83.46666667,138.51,-0.006633333,-0.0018,-1.4997
51.94333333,166.97,123.0633333,112.73,128.42,-0.015133333,0.0058,-1.501133333
53.15666667,129.3333333,130.5733333,156.9933333,116.8833333,-0.030666667,0.006033333,-1.501366667
55.23,180.8133333,147.7333333,182.2933333,106.9633333,-0.032,0.0052,-1.5013
59.96,182.0466667,160.66,168.23,103.7366667,-0.011866667,0.004133333,-1.502833333
58.83333333,189.38,151.3,136.1466667,110.8033333,0.0064,0.0016,-1.505066667
58.22,163.7133333,138.6933333,117.9633333,145.31,0.012866667,-0.000733333,-1.505866667
55.13333333,242.6266667,188.71,123.7966667,178.3966667,0.009366667,-0.0032,-1.505833333
55.04,262.645,214.785,132.13,205.585,0.00775,-0.0023,-1.5059
